actual,linear_pred,rf_pred
0.325,0.3259496495637626,0.331
0.725,0.784913381605437,0.8165000000000002
0.375,0.38756241612065456,0.3912499999999999
1.3,1.0745179093830497,1.1960000000000008
0.975,1.0249427835823657,0.9645
0.95,1.0695384875826301,0.9027500000000005
0.45,0.5010593336576322,0.4927500000000001
11.0,11.629901007363717,12.12
0.5,0.4688990569846071,0.46950000000000003
7.5,7.481168587400913,7.125
5.5,5.340604906286454,5.525
2.7,2.7734202880044845,2.5909999999999975
0.675,0.686354073120437,0.7117500000000007
0.75,0.638869744279587,0.7130000000000001
43.0,43.36491233076724,44.715
0.375,0.45688270570640166,0.47175000000000006
0.425,0.5989669769025137,0.4747500000000002
1.5,1.461270557499879,1.4960000000000002
1.3,1.4652420468370297,1.264000000000001
5.0,5.1234445763064365,5.488
2.3,2.0295403822566347,2.246999999999998
21.5,20.826380613586277,21.7
0.7,0.8032485655592461,0.7107499999999999
2.4,1.9819630150845846,2.026
1.3,1.1947114531512777,1.2849999999999997
18.5,18.26425484684742,18.4
0.13,-0.032694659243151736,0.13310000000000025
5.5,4.714841620369313,5.362
0.3,0.2782573989223164,0.31575000000000003
1.9,1.8234428657147261,1.834999999999999
2.5,3.248577567271558,2.6440000000000015
0.1,-0.14342006446868835,0.10639999999999987
8.5,7.852656041728655,7.53
1.5,1.1637540529144896,1.4460000000000006
0.325,0.2687946215636581,0.3392500000000001
0.7,0.5637394295716559,0.694000000000001
5.5,5.745020997320159,5.406999999999999
1.4,1.7480246961802919,1.3700000000000003
5.0,5.499229480574737,5.270000000000001
2.9,3.4401282669801625,3.335999999999997
1.0,1.22317361853927,1.0864999999999998
2.9,3.2401806748709507,3.3120000000000003
0.3,0.3432591166399177,0.29825000000000024
0.13,-0.13727282903262458,0.1370000000000002
1.5,1.184290395425773,1.4010000000000016
33.5,32.30490189178861,30.69
1.5,1.2785994435348402,1.3240000000000003
5.0,4.140423930219591,4.325999999999997
5.0,5.202178199377831,4.978999999999998
1.8,2.2713881250604064,1.9160000000000021
0.11,-0.03210900024249527,0.10989999999999991
4.9,4.988608247290105,4.959000000000002
2.7,2.3906646804592566,2.6389999999999962
0.675,0.5562177424847172,0.6402499999999999
0.5,0.6622533016597174,0.5314999999999998
0.975,0.8929782523096705,0.9344999999999994
0.375,0.4575173525178089,0.39374999999999993
0.23,0.22430792652349507,0.2466999999999998
3.5,3.967823560635841,3.793000000000002
3.1,2.7691283078191606,3.0219999999999994
1.6,1.4780641832186545,1.5779999999999987
1.6,1.4263382209781519,1.5280000000000005
0.475,0.512641879574636,0.47075000000000033
1.3,1.2171141322717187,1.3960000000000008
0.7,0.9087656279580689,0.7672500000000002
0.425,0.5995900888914338,0.54575
0.575,0.6185576937924835,0.5897500000000006
3.3,3.984901286034101,4.223
2.6,3.3244522907629994,2.6610000000000014
0.425,0.452935918458267,0.4404999999999996
0.06,0.029163551246396247,0.05799999999999992
3.0,2.486753418733709,2.6259999999999986
0.2,0.17657722797624253,0.2265499999999998
0.725,0.6687673601922403,0.7700000000000006
0.4,0.5155769062705144,0.44449999999999995
0.325,0.10028468189393747,0.2759999999999998
0.325,0.35782467852114697,0.32674999999999976
0.11,-0.19064843279076213,0.11749999999999983
0.19,-0.06767337162980588,0.1876999999999999
0.95,0.720227353957378,0.8950000000000001
0.6,0.7592250349982044,0.7390000000000002
0.375,0.5004065666903166,0.4562499999999999
0.725,0.7002789131288383,0.75775
0.375,0.30296160994041144,0.34725000000000045
0.525,0.5541507602019975,0.5092500000000002
0.375,0.4061270346282122,0.38924999999999976
0.325,0.15179570968452694,0.3117500000000001
1.1,1.2153859954424848,1.0882499999999984
3.5,2.53651803913191,2.927000000000001
17.5,17.961848831299548,17.475
0.725,0.7296339401617229,0.73225
0.55,0.5273644191323674,0.5657499999999996
0.4,0.4961959556843303,0.4342499999999998
1.2,1.1301736103462807,1.3039999999999994
1.6,1.891749426892512,1.5489999999999984
2.5,3.059975903813681,2.529
0.85,0.7676646696247231,0.7775
2.7,2.3923353679829655,2.599999999999998
0.375,0.3757631123391547,0.4312499999999999
2.5,2.6053626789223294,2.705
2.5,2.0083533683339416,2.4339999999999975
0.975,0.9505831799127822,0.9735
63.0,63.12654491115412,58.365
3.6,4.494762362617828,4.196999999999995
0.425,0.34956330738449626,0.46025000000000044
0.325,0.04788515129501825,0.3235499999999999
0.8,0.6993901069686836,0.7629999999999995
0.35,0.09637188554068471,0.3435000000000003
50.5,50.80724684177908,49.245
2.0,2.3657484424423036,2.202
6.0,6.743358122712268,6.215
0.6,0.6728545900229645,0.5432500000000002
0.475,0.45576888176491426,0.4597500000000005
1.6,1.5618613115165774,1.5949999999999989
1.3,1.0839850482987268,1.1764999999999997
3.2,3.8835437199157496,3.239000000000003
2.5,2.9697669722021836,2.866999999999998
0.55,0.47314047057947106,0.5089999999999999
0.75,0.6145008311011072,0.7455000000000002
1.1,1.3558889100420963,1.2357500000000015
0.35,0.19683084041726828,0.32449999999999973
25.5,25.416952206944835,25.155
1.0,0.8735076294210442,1.0607499999999994
0.9,1.056810670277382,0.9302499999999999
0.1,-0.060817321446416606,0.09479999999999988
1.4,1.2542850582547858,1.511
0.7,0.90553963595424,0.6870000000000007
0.9,0.8194456834249193,0.9032500000000008
3.0,3.1175761292715256,3.0309999999999984
0.9,0.8257991010735877,0.9065000000000001
1.4,1.3523410321354437,1.3439999999999994
1.1,1.3755264134507386,1.281499999999999
0.8,0.6556844557095507,0.8209999999999993
1.2,1.2159757412706935,1.2602500000000005
0.7,0.6235612782602917,0.6452500000000004
3.6,3.18302448623426,3.3000000000000034
0.85,0.7530295431838172,0.8619999999999997
0.75,0.6372880533543122,0.7585
0.325,0.3126348226475173,0.38975000000000004
0.725,0.7817495018752072,0.7545000000000002
0.45,0.47438273682232324,0.49325
0.5,0.5320406787127742,0.4897500000000003
7.0,8.849925619377004,9.11
1.5,1.9176655096164956,1.6419999999999977
2.6,1.9336550072464167,2.101999999999998
0.525,0.5544353777951536,0.5815000000000001
0.775,0.7275779486648928,0.7972499999999999
3.6,3.088658494114222,3.438
0.925,0.7991098116269333,0.9070000000000005
0.22,0.27034126594665586,0.26719999999999977
0.325,0.3350281546800382,0.3387500000000003
4.7,3.726814698498546,4.0850000000000035
2.5,2.763158925453248,2.445000000000001
0.85,0.8843814644345944,0.8609999999999998
1.4,1.3385899903053453,1.4010000000000002
0.9,0.9525237382732294,0.8917500000000007
0.55,0.6420080106579211,0.5492499999999992
0.85,0.6995345693988075,0.7795000000000003
0.375,0.12576196318465227,0.3627500000000003
1.3,1.592053647025461,1.5049999999999992
1.6,2.0435981743333316,1.7049999999999985
0.95,1.2217554609060708,0.9580000000000006
0.55,0.5600040860478817,0.5484999999999993
1.6,1.9366200579472115,1.7059999999999989
1.6,1.6567217235466243,1.5659999999999987
0.4,0.47513054653970943,0.4194999999999999
0.55,0.7551734152317834,0.6597499999999998
0.1,0.10450019764898666,0.1138999999999999
45.0,37.98566957781477,39.71
0.275,0.3275797245831973,0.25639999999999974
0.1,0.07775602454129982,0.10909999999999989
0.75,0.7832149018186925,0.7044999999999998
3.3,3.786196548685213,3.333000000000002
3.3,2.7285775559806162,3.0250000000000012
0.75,0.7489430935051083,0.77925
1.0,0.9525031959897168,0.9725000000000003
1.9,1.922211209683256,1.8340000000000023
0.425,0.5195527610909341,0.4935000000000002
1.3,1.1825985351052397,1.274000000000001
0.15,0.11153792949082869,0.17750000000000005
0.55,0.5147476968136351,0.45175000000000026
16.5,12.588283952954498,14.11
2.1,2.6143166579316213,2.1139999999999977
0.55,0.5404777861154084,0.5282500000000001
10.5,9.885069955420384,10.245
0.75,0.7090730763714161,0.7495000000000002
0.14,-0.006865781897158668,0.1405000000000002
0.875,0.9954516762186907,0.969499999999999
1.2,1.4851865791342092,1.2040000000000015
1.0,0.8719388656394857,0.961
0.375,0.35091199560827835,0.35625000000000034
0.1,-0.11134244038945737,0.10629999999999988
0.75,0.7939267881841165,0.7525
1.6,1.4414640390959432,1.6189999999999996
1.2,1.4419363741300733,1.3259999999999998
0.24,0.1288671742252402,0.24305
0.625,0.5624377057184748,0.6424999999999996
1.5,1.7133724021656973,1.4240000000000015
0.675,0.6149883854417241,0.6435000000000001
0.16,0.05562172283537126,0.15750000000000008
3.9,4.288999191784544,4.199999999999994
1.6,1.6071070971189416,1.5499999999999983
1.0,0.7575925265990496,1.0284999999999997
3.0,2.4145296772887086,2.528999999999998
0.35,0.22363912107745954,0.36925000000000024
0.07,0.04877120981890948,0.07410000000000005
1.2,1.503364578732263,1.3609999999999989
3.5,4.1134251572533875,3.7490000000000028
1.8,1.8656559846318053,1.7439999999999987
0.9,1.0277856505815335,0.9842499999999997
0.675,0.9156285255437537,0.831
1.1,1.0735860273197728,1.0732499999999991
0.625,0.7365490317695601,0.72425
0.55,0.45376207823557735,0.496
0.35,0.3621146913284845,0.30549999999999977
0.22,0.291715725202107,0.2206000000000001
0.25,0.34664548551143004,0.24804999999999985
7.5,8.520636842530688,8.305
0.75,0.840176043453414,0.7872499999999998
1.6,1.6603311314714797,1.5399999999999991
10.0,10.056429266861429,10.535
1.1,1.0347740466577708,1.1074999999999986
6.0,6.845469487526112,6.159
1.1,1.206914505726064,1.1099999999999985
0.3,0.24272771770177015,0.30925000000000025
0.75,0.878010309707604,0.7912499999999995
0.22,0.2984153498930584,0.2451999999999999
0.9,1.018513272252983,0.9190000000000004
1.8,2.0562197536025093,1.8379999999999992
0.5,0.6049340774669791,0.5382500000000001
0.725,0.8552467588168331,0.7715000000000002
0.575,0.5819584805065283,0.5815000000000002
0.16,0.19302534150602196,0.2464499999999999
0.55,0.3971487599846215,0.5107499999999998
7.0,6.941245490750032,6.615
0.825,0.8227329155997023,0.81525
1.6,1.564796417804775,1.5770000000000002
0.775,0.687929379016074,0.6037500000000003
0.325,0.38651628390091164,0.34750000000000014
0.9,0.6471097138694799,0.8297500000000005
2.3,2.0669663627953976,2.2790000000000012
0.475,0.4883129242411648,0.4695000000000005
4.1,4.425005178663537,4.096999999999998
1.8,2.271943189103378,1.867000000000003
4.8,4.5205792122325406,4.509000000000004
0.475,0.5614669383406697,0.5109999999999998
0.575,0.6498249782423666,0.6755000000000004
15.5,15.205964210302167,15.275
0.725,0.7288849603550682,0.7645000000000004
11.0,11.589670020582865,11.445
0.475,0.5911237309130626,0.5420000000000006
1.3,1.7567107737265604,1.4310000000000014
1.6,1.6996314539736923,1.8570000000000015
0.17,0.004379871991259665,0.15770000000000003
0.525,0.3287734683639679,0.5002500000000001
0.275,0.21702730061609377,0.26909999999999984
0.525,0.44205445670608357,0.4212500000000001
0.6,0.48410034022518145,0.582500000000001
0.525,0.6016391640691386,0.5487499999999993
1.6,1.4188297446144673,1.4600000000000002
4.3,4.173121397532727,3.8150000000000017
1.1,0.7701089524103143,1.01175
0.75,0.5632230015701265,0.6960000000000006
0.575,0.4785260000017254,0.5717499999999999
0.22,0.2470161140557358,0.28055
0.325,0.4129297698748281,0.3327499999999998
1.4,1.1479695973215303,1.3909999999999996
0.2,0.2259562329545831,0.1963999999999999
1.5,1.6866528989833887,1.5789999999999995
0.3,0.36379403719674197,0.2991500000000002
1.2,1.0995546601460118,1.18375
21.0,22.55598147609748,21.805
0.1,0.12229824196989464,0.08649999999999997
0.625,0.5702551173314026,0.5872500000000003
0.24,-0.1609260444516578,0.2611000000000001
0.825,0.7986220698615112,0.7822500000000001
12.0,11.751333938993636,11.43
0.725,0.6974913304792076,0.7105000000000001
0.725,0.7463077437783783,0.7307499999999999
0.275,0.24430007875027565,0.2663499999999997
0.7,0.6943613207279644,0.7270000000000004
1.9,1.9277703477962307,1.8910000000000027
3.1,3.553164112283809,3.437000000000001
1.9,1.6334764949760425,1.83
9.5,9.392980428413193,9.675
1.6,1.6258990902303188,1.5120000000000002
2.2,2.597564785245209,2.351000000000001
0.575,0.6148912974757401,0.5712500000000005
0.425,0.25272322137796177,0.3845000000000001
0.19,0.22140614344242043,0.1913
0.525,0.5243882107174326,0.5254999999999995
1.5,1.7733036992368607,1.6259999999999983
0.575,0.40163112855361993,0.5582499999999999
0.16,0.2114919043054716,0.16190000000000002
1.1,1.2204593565683572,1.1665
1.2,1.2195699676818803,1.05775
1.5,1.532941414440019,1.4630000000000007
0.625,0.6431206750387852,0.7057500000000004
0.325,0.3090280871447617,0.30499999999999977
3.2,3.024774564979399,3.2409999999999983
1.6,1.6373150476425522,1.5859999999999992
0.775,0.8271994144005566,0.7697499999999999
2.0,2.3160757794590396,2.4789999999999996
3.0,3.536934475571866,3.1519999999999992
5.5,4.219795572507751,4.543000000000004
0.19,0.26657620403044036,0.19249999999999998
2.8,2.9207374218219977,2.8409999999999993
41.0,42.78025037031774,44.39
27.0,24.740170792084804,25.22
3.2,3.4387414869335586,3.1999999999999993
0.2,0.24171972040792905,0.16940000000000002
0.7,0.7364859880465324,0.7707499999999999
1.9,1.7694860651306803,1.8770000000000013
7.0,6.492115733953806,7.125
0.16,0.21522794443597737,0.16190000000000004
1.7,1.9966863125135257,1.6859999999999988
0.325,0.3945250025659319,0.36624999999999974
0.425,0.1899577426108634,0.4242499999999996
0.5,0.5231017111889614,0.45800000000000024
0.35,0.44194790219718194,0.39325000000000027
4.3,4.3319501717848645,4.1819999999999995
0.875,0.7561339030432108,0.8869999999999999
0.875,0.917005957289452,0.8852500000000003
1.3,1.3259417103132707,1.336249999999999
2.4,2.2233714969624696,2.096999999999999
0.4,0.3740489386469994,0.38799999999999985
0.3,0.11126625560766168,0.29675000000000024
1.9,1.590572784557377,1.4170000000000007
0.13,0.06605715264363965,0.13870000000000024
2.3,2.803186558892774,2.3320000000000007
1.6,1.972228236633807,1.675999999999998
2.5,2.243885044543201,2.3579999999999997
0.725,0.8002975050341434,0.75275
2.2,1.995303242610302,2.2289999999999996
0.75,0.8226648069172233,0.7487499999999998
0.625,0.5934681397055598,0.5675000000000003
3.1,3.2194364783753535,3.409
1.4,1.587665489752736,1.29
1.3,1.0811683429988312,1.1744999999999999
0.875,1.0983523801201107,0.9192500000000007
3.5,2.7020310644586525,3.0329999999999986
0.825,0.6898865337254836,0.858
1.6,1.317533831852478,1.6159999999999979
0.6,0.6352274541082532,0.6830000000000005
0.725,0.7664028072620408,0.7190000000000001
0.23,0.22171230765754046,0.2476999999999999
0.1,0.17086280335790932,0.1572000000000001
5.0,4.467825050411413,4.542000000000005
1.6,1.5910975060071169,1.6599999999999984
1.4,1.7933472614812436,1.4280000000000022
2.1,1.8915343120655699,2.0419999999999994
1.2,1.1291034014084689,1.163000000000001
1.1,1.0853673080023571,1.1314999999999988
1.5,1.3309978649544087,1.6379999999999983
1.6,1.4284526651250222,1.6069999999999982
0.3,0.14470804695614625,0.29524999999999996
0.9,1.149165779723699,0.8895000000000002
3.8,4.3534766785868575,3.772
1.5,1.808196559329304,1.5400000000000003
1.9,1.945881455760543,1.903000000000001
0.7,0.8650983165890578,0.706
2.0,1.8441161788140894,1.7520000000000016
1.1,0.9319932292262789,1.0979999999999983
0.725,0.681790541573952,0.7642500000000001
0.525,0.38460102394864504,0.5337499999999993
0.55,0.7287157272718062,0.6334999999999997
1.5,1.3929396427305056,1.5739999999999983
1.3,1.6372371359649,1.4160000000000013
0.22,-0.0064106656974241005,0.21749999999999992
0.675,0.7151075862166257,0.6862500000000006
1.7,1.7535773859245212,1.627999999999998
0.3,0.3760125123475633,0.29350000000000026
3.9,4.690163586151787,4.055999999999997
1.1,0.9672191427477064,1.1034999999999986
2.4,2.928433031080654,2.5380000000000003
1.6,1.3885827518926994,1.583999999999998
2.7,3.126796813460156,2.6319999999999983
0.3,0.2579362448965571,0.3112500000000001
13.0,13.334858801173464,14.66
0.09,0.0899987000783784,0.11019999999999994
2.3,2.8906099206529783,2.485
0.21,0.16024306072671496,0.1968000000000001
0.475,0.37577087074994175,0.5042500000000001
0.55,0.6062746597765036,0.5807500000000008
3.9,3.476524964682143,3.4400000000000004
1.1,0.9886989746651857,1.1109999999999984
1.9,2.1137355921763366,1.947000000000001
0.95,0.8487070765635263,0.8747500000000004
0.45,0.5026286787475966,0.43950000000000017
0.825,1.0309700660947858,0.8699999999999999
9.0,7.917180500264307,8.51
1.4,1.2278117308683791,1.384000000000001
0.25,0.310216365961991,0.2611999999999999
0.35,0.4813170272926761,0.3667500000000002
1.9,1.6375369507376156,1.9620000000000026
1.6,1.9758305492747343,1.6189999999999989
1.2,1.1946576009295402,1.1869999999999996
2.1,2.2308956553032386,2.032000000000001
0.13,0.14739155881459176,0.1378000000000002
1.2,1.3888392003168522,1.1519999999999997
1.9,2.2823984750919983,2.168000000000001
1.6,1.2864672064954057,1.4710000000000005
0.23,0.11041804237634434,0.2429999999999999
0.775,0.7595892557216604,0.7984999999999998
0.12,-0.1489867160356883,0.11009999999999992
10.5,11.104504089120617,11.325
1.7,1.569944567977916,1.6259999999999974
0.22,0.3522693655080025,0.22134999999999988
4.4,4.488190143399309,4.538
12.5,12.351453881227961,13.04
3.2,3.8869614398978953,3.1970000000000014
23.5,25.289772570860606,25.485
0.3,0.1953279106384726,0.2762000000000001
2.1,1.9368173262600519,2.181999999999998
1.4,1.1920518483932496,1.3900000000000017
0.35,0.28551387524186156,0.37925000000000003
0.575,0.6152734048188981,0.6207500000000006
0.325,0.4154256572608671,0.3560000000000001
0.275,0.3919873908892044,0.34075000000000016
0.18,0.2160196867924027,0.17000000000000007
0.525,0.6670669486697456,0.5670000000000005
0.9,0.7914954458838657,0.804
4.1,4.732463145845153,4.458999999999998
21.0,24.01698827111699,23.075
0.925,0.7087642749473497,0.8652499999999996
2.1,1.6837962808728248,2.2550000000000026
5.5,6.316449316180354,6.595
1.9,1.5926974908545457,1.8470000000000022
1.6,1.8773965245856377,1.557
1.4,1.2080962038599306,1.2842499999999992
1.9,2.24220652860744,2.1960000000000015
3.4,3.200012800396679,3.3690000000000015
1.1,0.9373617544271626,1.0449999999999988
0.2,-0.06134931332670365,0.20575
7.5,6.5443550003422475,7.06
2.3,2.063476622606682,2.286000000000001
0.11,-0.2039378964443267,0.10569999999999988
0.6,0.546105478269322,0.5990000000000009
0.13,0.13283187010081987,0.13300000000000012
1.9,2.24845771932722,2.070000000000001
0.7,0.7640848581131682,0.6935000000000003
0.275,0.081983882297467,0.2875500000000001
0.45,0.46551684256923587,0.4902500000000001
0.6,0.5683066740962566,0.6167499999999996
1.0,0.7803337539990693,0.9287500000000002
0.575,0.6108553987861014,0.5787500000000003
1.3,1.5676939187356451,1.381
0.875,0.7672337188787888,0.7154999999999997
4.1,4.4970504255828185,4.267000000000005
4.2,3.837393996857217,4.208000000000002
0.22,0.29157493545074475,0.2337999999999999
0.45,0.27640773137821784,0.44825000000000037
0.35,0.18280139421771502,0.3335
1.4,1.2528596324260162,1.4380000000000006
0.7,0.6540594095549994,0.7002499999999999
4.4,5.061680805621305,4.427999999999996
1.6,1.6912188034585334,1.539999999999999
0.22,0.19856204348228323,0.2279499999999998
4.7,5.213231180968255,4.742000000000001
0.825,0.6516401194567177,0.8040000000000007
0.85,0.8343819523366405,0.8304999999999998
0.65,0.8406490651816549,0.6752499999999998
2.5,2.5831998479713434,2.6249999999999982
1.5,1.3914845203435147,1.5609999999999988
1.9,1.7304870406155337,1.9980000000000033
0.11,0.13896656897879817,0.11059999999999992
4.0,3.5515888193197322,3.9090000000000003
0.21,0.20275117558369332,0.21504999999999982
0.19,0.23568195747677995,0.16110000000000008
0.45,0.2693656811018489,0.4440000000000003
0.625,0.4667421983123814,0.607
0.825,1.0882716586249401,0.9177499999999992
0.325,0.20744975219104267,0.3364999999999999
0.625,0.6283324928901688,0.6589999999999999
0.475,0.3076278752397651,0.4192499999999999
0.5,0.6127825886504334,0.4910000000000003
0.275,0.3596241945613825,0.37574999999999986
2.4,2.9594758745659107,2.505999999999999
0.3,0.1625928553521293,0.29325000000000023
0.3,0.17687039841259755,0.3017500000000003
1.0,1.12299873629169,0.9795
0.725,0.750111245617312,0.7969999999999999
1.2,1.1112623701124698,1.1637499999999996
0.23,0.07161667880165112,0.21959999999999996
47.0,39.915562414795815,39.015
1.4,1.1659062872748849,1.3460000000000016
3.4,3.030269264025489,3.3050000000000033
1.0,1.068155690943701,1.0172499999999989
22.5,23.694322509154524,24.195
2.3,1.7574308641888723,2.158000000000002
1.7,2.3426817033473135,1.688999999999998
0.6,0.5881411072728683,0.6020000000000004
1.6,1.984480305079686,1.641999999999998
0.475,0.573596242016169,0.5259999999999995
0.625,0.6021085659682981,0.5880000000000003
0.625,0.6282236562952812,0.6522499999999998
0.55,0.5619151327070968,0.5505000000000004
0.8,1.0518365489961832,0.7887499999999996
1.4,1.3206929677566515,1.4520000000000013
3.3,3.0791610413179704,3.2560000000000042
11.5,12.325815519330128,11.61
3.0,2.7626695056147375,2.985999999999998
0.95,0.9687809216961465,0.9030000000000001
2.8,3.253520210011536,2.7370000000000005
2.8,2.2928679694385194,2.656999999999998
1.0,0.9148928320895717,0.9879999999999995
6.5,5.802737590389941,5.999
0.45,0.351421223505776,0.4775000000000005
0.11,-0.06616384233732711,0.11209999999999994
3.5,4.169433543016827,3.667
3.5,4.016958197420114,3.500000000000002
1.9,1.7338260595804438,1.9500000000000015
0.375,0.20978291222218926,0.3760000000000001
16.0,14.954263487198883,15.82
1.3,1.7556876492802111,1.4370000000000016
1.2,1.1589999619281155,1.1902500000000011
2.4,2.768057288681756,2.405000000000003
0.3,0.10275294863553436,0.3010000000000003
2.9,3.2935203150667616,3.096
4.8,5.477786609121051,5.085
2.0,1.98333611894126,1.8179999999999987
0.325,0.36212112198742064,0.35950000000000015
1.5,1.9072696883035953,1.5579999999999996
1.8,1.5851131175187947,1.909000000000002
12.5,13.993288166949657,13.305
1.3,1.6167044584144128,1.4560000000000004
0.5,0.5260277962192674,0.5234999999999999
0.7,0.9270994194568887,0.688750000000001
0.825,0.9106951255499021,0.8477500000000002
0.6,0.69397914787314,0.5825000000000007
1.0,0.8736734221786353,0.9717499999999996
0.95,0.9814106425663967,0.9487499999999988
0.7,0.7274338604030897,0.7227500000000003
3.8,3.472623804203063,3.763999999999998
0.45,0.36875422214970377,0.4455000000000004
0.475,0.5951505892523115,0.48675000000000074
2.2,2.5943816364797945,2.308999999999999
35.5,37.11865906404101,39.415
1.3,1.1023155145260568,1.2919999999999985
0.575,0.5518878950808189,0.5752500000000003
0.775,0.9049642703585379,0.7882500000000003
2.8,2.535271797716415,2.8110000000000013
3.2,2.8953931798712587,3.1589999999999976
1.0,0.8589619806708004,0.8847500000000005
1.3,1.205231713848863,1.2760000000000005
0.14,0.20992745761916892,0.1459000000000001
16.5,16.165146488862778,16.955
25.0,25.55308885377948,25.15
2.2,2.6911696386956563,2.3939999999999997
0.8,0.7211703512812442,0.8000000000000002
0.775,0.6191507841127031,0.7029999999999998
0.425,0.3512796765388385,0.42424999999999974
1.8,1.612906539052227,1.7119999999999995
0.375,0.11300720902147776,0.3475000000000003
0.13,0.03119039713606442,0.1331000000000002
0.6,0.8047392282428114,0.7302500000000002
0.6,0.3389921799282004,0.5257499999999996
0.425,0.5214211098204157,0.44449999999999973
5.0,5.131831001467011,5.008000000000002
44.0,46.62501182393423,47.105
1.2,1.4179781198419392,1.2180000000000013
7.0,6.674120094612565,6.97
0.725,0.7058583085242074,0.741
0.8,0.7234001649931762,0.8320000000000002
2.3,2.9668737784267796,2.503000000000001
0.325,0.2412806746847569,0.31999999999999973
0.65,0.6281221809405035,0.6607500000000007
3.0,2.717422771381799,2.9559999999999995
0.475,0.38452237168653447,0.5039999999999999
1.3,1.2302261110378008,1.3109999999999997
0.6,0.5073097728955085,0.5812499999999999
17.0,18.02953626252144,17.91
2.1,1.910162147911361,2.295000000000002
0.18,-0.028131713313909124,0.1659
1.3,1.653893873464148,1.3179999999999996
0.475,0.5383113939535222,0.49975
3.1,2.4353302034282085,2.830000000000001
8.0,8.402479394167152,8.425
0.275,0.16189724348348944,0.249
0.525,0.5330856048779473,0.4825
2.2,2.240160213649772,2.2089999999999987
1.4,1.367880720692514,1.3400000000000012
0.875,1.1215440902108096,0.8412500000000009
1.9,2.0461321419182554,1.852000000000002
0.08,0.05505386876578444,0.08410000000000004
0.9,1.088000941850026,0.8830000000000006
0.525,0.6633015006765075,0.5427499999999994
0.775,0.9926560659138266,0.9329999999999994
6.5,7.736724306974894,8.57
0.325,0.326025962221292,0.3345
1.0,0.7953028246819809,0.9582500000000003
5.5,5.314024276836883,5.018999999999998
0.325,0.43631272241971164,0.33574999999999994
0.85,0.8449136171680078,0.911250000000001
0.875,1.1234859189460056,0.842750000000001
1.0,0.9494934389450174,0.8715
3.0,2.7506278137555813,3.035999999999999
1.1,0.9555233827687599,1.0959999999999983
2.7,2.957156362835405,2.773999999999999
7.0,7.617800427417416,7.21
1.7,1.469241624286311,1.5819999999999985
1.1,0.922236354346357,1.0174999999999992
1.0,1.227222359796434,1.0794999999999988
1.4,1.2669278213275441,1.412000000000002
4.2,4.770826468239114,4.345
1.5,1.8466260500040872,1.5539999999999998
0.825,0.649466196469114,0.78825
0.475,0.5792418416211331,0.45875000000000027
0.11,-0.08147998058323824,0.11149999999999992
0.2,0.2766223225289747,0.19599999999999987
3.0,3.2264589340804704,3.1699999999999995
1.1,0.9429562480688198,1.0914999999999981
1.5,1.4366295869174512,1.4490000000000007
2.1,1.8160265310718708,2.1270000000000002
0.525,0.41139708447118073,0.5102499999999999
0.425,0.3194687366244502,0.40349999999999997
0.75,0.7745055021040226,0.7864999999999999
0.5,0.6840902454632526,0.5157499999999999
0.425,0.5330182949162259,0.40349999999999997
0.24,0.3268990596653999,0.2822
16.0,15.456106650799953,15.07
2.8,2.304364957234762,2.6549999999999976
0.45,0.345223395188725,0.4772500000000002
1.3,1.291926075746078,1.2060000000000004
1.7,1.763153869121993,1.7279999999999986
9.5,9.948322423064162,9.605
8.5,9.32106091167348,9.355
3.2,2.9799306627224693,3.1210000000000004
1.3,1.1461202938145367,1.318
1.5,2.0680949228511265,1.716000000000001
0.575,0.47231516710853017,0.5605
0.4,0.3216512192873354,0.3944999999999995
1.2,0.9503097011676822,1.123999999999999
0.825,0.8356628214105524,0.8237500000000005
1.0,0.968425401618451,0.9989999999999998
0.45,0.5373846453868099,0.5577500000000003
1.2,1.5834830140859706,1.2230000000000003
2.0,1.8309458141523378,2.0209999999999995
2.4,2.5443213174892225,2.3289999999999993
0.8,0.8095266847383908,0.7787500000000004
17.5,15.43410897861914,16.3
0.55,0.35656474751229605,0.5169999999999996
0.35,0.2628338179749372,0.33399999999999985
1.0,1.2667715278924698,1.0139999999999996
0.775,1.0039849212718401,0.795
1.2,1.4793494920695365,1.2250000000000012
3.1,3.2098257480004597,3.3369999999999997
0.18,0.2190327531477228,0.2699999999999998
1.6,1.5119372254796932,1.6029999999999978
0.575,0.709821297848015,0.63525
0.7,0.5722713429365179,0.6647500000000004
1.5,1.79686342168814,1.5459999999999987
0.75,0.9082882311479408,0.8514999999999999
2.5,2.669128216784024,2.601000000000001
33.5,35.25458959143754,37.45
7.0,8.31165897286047,7.825
7.5,8.10202891295577,7.385
0.55,0.7261558782684718,0.57125
0.35,0.5097505072031703,0.43400000000000005
1.7,1.6116638758773036,1.7319999999999995
2.1,1.8215257087007646,2.014
0.95,0.897850607200414,0.9690000000000003
0.8,1.112413674063916,0.8649999999999999
7.5,7.8918492567794845,7.485
0.4,0.5537229451228309,0.4557500000000001
0.19,0.20644015852094305,0.17190000000000003
0.85,0.72878001078253,0.7925
1.4,1.7381153595288634,1.467000000000001
0.725,0.5860437789581978,0.7215000000000004
0.9,0.9491919239187945,1.0074999999999996
1.9,2.157169618678773,1.9380000000000022
1.6,1.2833839524704793,1.5099999999999973
5.5,5.436987847096725,5.1030000000000015
1.7,1.6366954262659656,1.7680000000000005
12.5,10.84927209188844,11.015
0.425,0.4276991079513297,0.4282499999999999
29.5,29.82877735237559,31.5
0.425,0.4652941182763577,0.4310000000000001
1.9,1.6633092234192606,1.8250000000000015
0.6,0.4819459806419726,0.596000000000001
2.0,1.529931083727642,1.681999999999999
1.2,1.4949318791124977,1.2939999999999992
42.0,36.50971400720287,40.28
1.3,1.6391605836258871,1.3819999999999992
0.475,0.3067032810943022,0.4910000000000003
0.9,0.9560524215196555,0.8432500000000002
0.9,0.8349659016395283,0.8195000000000001
0.55,0.41001308005963377,0.5157499999999997
1.7,2.164391595480929,1.7740000000000002
0.85,0.7018101190319661,0.7347499999999999
50.5,45.94458712742154,46.8
18.0,15.958611147156969,17.58
2.8,3.404306577506497,2.879999999999998
2.4,1.988481954314877,2.352999999999998
0.16,0.2415720341432382,0.1777999999999999
1.9,1.8926237319282215,1.8880000000000012
0.5,0.5214694471681741,0.5314999999999993
0.575,0.6032457969766923,0.5180000000000003
4.8,4.014445628016958,4.293000000000001
0.975,0.9862868946521288,1.0017499999999988
0.95,1.213591386781602,1.0417500000000006
8.0,8.30197673669269,8.06
0.775,0.6162662952539111,0.6345000000000001
0.475,0.4841725454517236,0.46850000000000064
5.5,6.078246374525468,5.718999999999999
0.55,0.41267930389017893,0.5529999999999997
0.3,0.1703141402896423,0.30115000000000025
0.475,0.491736429205458,0.47625
1.3,1.1954311161506364,1.2175000000000005
2.9,3.255477170109165,2.815000000000003
61.5,61.7743123564438,56.58
22.0,20.408881512513677,20.58
1.2,1.4674586459557681,1.1889999999999998
0.23,0.11876802588843627,0.22639999999999996
0.525,0.6015454317092719,0.5334999999999994
0.3,0.07117290458431769,0.2952500000000003
1.0,1.0108915074712208,0.9899999999999994
0.22,0.3208085935605398,0.22769999999999993
1.6,1.4193719961769435,1.596999999999998
11.0,12.002875991144801,11.84
2.6,3.0875088754803333,2.957
2.2,2.6560237499792176,2.250999999999998
3.8,3.3996828132982233,3.253999999999999
8.0,8.34107779492987,8.01
2.9,3.1806489928927997,2.9890000000000008
0.5,0.5337409020291364,0.5212499999999993
15.5,15.059314196157565,15.44
0.425,0.5365422473180598,0.4364999999999995
0.13,-0.0007427428934269065,0.13070000000000018
25.5,27.2660552918322,30.185
1.8,1.6809350944245687,1.6780000000000002
0.35,0.21489317199889857,0.3345000000000001
1.6,1.5803741987576347,1.5469999999999988
0.525,0.5757123104377878,0.568
0.45,0.6467167441128522,0.5305000000000004
0.23,-0.07621913486324186,0.2283499999999998
0.18,0.20535839301736525,0.18859999999999988
0.16,0.19782354888933223,0.14810000000000006
0.975,0.9361467342235916,0.9614999999999992
0.275,0.2137167962814216,0.29449999999999976
2.1,1.9553620267942309,2.1239999999999988
0.475,0.40063553505344074,0.4362500000000001
4.1,4.384892191835383,4.327
0.08,0.07737866177574004,0.07345000000000007
1.6,1.9913403249138986,1.6409999999999985
17.5,19.41477695049857,18.83
1.2,1.063672558293858,1.1482500000000004
1.6,1.3959165197999859,1.5689999999999986
0.85,0.639347901226932,0.7740000000000006
1.3,1.614324050142415,1.2859999999999996
2.3,2.0488329030904993,2.2129999999999983
5.5,5.916670773254946,5.301
0.9,0.8672013486303118,0.7625
0.825,1.033279451294339,0.9172499999999997
1.2,1.5258208533814754,1.2900000000000011
0.375,0.37812497675185863,0.41174999999999984
0.75,0.5606981637325807,0.7012500000000013
0.725,0.6080613218609396,0.6837499999999999
0.12,-0.08539563025749927,0.1146999999999999
0.575,0.601356163417539,0.5652500000000007
4.6,4.43200512004858,4.362
1.5,1.4118890268291893,1.508
0.3,0.240964624464717,0.3095000000000002
0.875,0.759128907781375,0.8372500000000003
0.25,0.0917824384068947,0.25229999999999986
5.5,5.1934696116943995,5.024000000000002
0.875,0.8996940260483965,0.9259999999999997
0.35,0.13921385077405746,0.33024999999999993
1.3,1.5846640801342786,1.331
1.8,1.5739124875045294,1.8740000000000032
58.5,57.104513358407544,56.195
0.11,-0.0850869921376265,0.10769999999999995
1.7,1.9924572747820473,1.7409999999999997
3.5,4.1047030165721345,3.607000000000001
1.1,0.8849799204009501,1.0284999999999997
0.825,1.0034522673413586,0.84725
0.2,0.002962133178391446,0.21545000000000017
0.925,1.0825197021053752,0.9037500000000003
0.775,0.9025184162337994,0.7824999999999998
0.65,0.7733573725211778,0.7032499999999996
31.0,32.76326928387591,30.62
0.275,0.3479804388170852,0.30524999999999997
1.3,1.243837252535474,1.2839999999999991
0.18,0.029587895023875488,0.18229999999999996
0.825,0.783551229258069,0.7884999999999996
1.2,1.5134421329206893,1.2180000000000013
0.2,0.29590526542119466,0.19929999999999978
1.1,1.1193109728158168,1.1382500000000002
0.23,0.32746199198207515,0.23404999999999984
0.825,0.7740604998958162,0.6972499999999995
6.5,7.096039275226428,6.949
1.9,2.2332704864289665,1.9450000000000025
1.6,1.5406993025252014,1.5219999999999998
0.6,0.6399058109341906,0.5995000000000009
0.375,0.4061387736346658,0.38575
2.0,2.381423605952622,2.0090000000000003
0.45,0.47519098440685315,0.5049999999999999
7.0,7.601916352436587,7.27
0.625,0.5693910308787186,0.6267500000000001
1.9,2.171901343977574,1.9210000000000003
1.6,1.84228317858818,1.551
1.7,1.3487382545162354,1.5589999999999993
20.5,18.10148259464404,18.765
1.5,1.2221681720219415,1.5029999999999994
3.2,3.8979034049261747,3.276000000000003
0.65,0.6041544692926316,0.5442500000000001
0.65,0.6985144051115715,0.6712500000000001
0.15,0.20677715606890973,0.1702000000000001
3.5,3.9687623802613263,3.802999999999997
3.0,2.649619696728112,2.9790000000000005
1.2,1.1816593989347384,1.2257500000000001
17.0,15.641500444273866,16.78
0.425,0.28804832880044606,0.43324999999999997
0.575,0.5009207563192222,0.5400000000000001
1.3,1.012118832718578,1.2719999999999987
1.4,1.7721010659650798,1.5610000000000002
1.3,1.0612327324125528,1.2150000000000005
1.6,2.0946986566378114,1.6979999999999995
2.0,2.2814904698105036,2.1220000000000003
5.0,4.730429478575863,4.481999999999998
0.525,0.597501716348579,0.544
7.0,5.8755288669302645,6.1129999999999995
0.65,0.7516282149275654,0.6839999999999996
0.925,0.8433953519175414,0.7952500000000005
1.9,1.7490234836360417,1.8700000000000003
3.4,2.98756975530522,3.3360000000000025
2.8,3.418923562128567,2.954
0.475,0.7007222178023824,0.5342500000000003
0.4,0.5109576337711814,0.44050000000000006
0.06,0.025031640112535614,0.059399999999999925
1.4,1.8024407431622018,1.5289999999999997
1.1,1.3888516616284807,1.183250000000001
0.4,0.3635425360580089,0.38999999999999985
27.0,23.652400864190135,24.195
0.9,0.8735026346074037,0.8327500000000001
0.275,0.012643984478476228,0.2706999999999996
0.325,0.31271862908055725,0.3147500000000001
0.5,0.6082231433430605,0.508
0.85,0.7765938959579521,0.7989999999999999
1.9,2.2775346453097,2.0860000000000007
38.5,35.0174730371191,38.14
1.0,0.9443995205553426,0.8927499999999999
0.5,0.7282667772909135,0.5970000000000003
1.9,2.095809877626398,1.8880000000000008
1.2,1.3378518732573252,1.1640000000000008
0.725,0.6777340979526889,0.7097500000000005
2.7,3.2013858791582512,3.1399999999999992
1.4,1.237632652819899,1.2769999999999992
0.825,0.5980480011928634,0.710500000000001
0.85,0.704183635504498,0.8810000000000001
1.3,1.5808171561879591,1.3039999999999992
4.1,3.6593627688406682,4.110999999999995
1.9,1.9845012057369384,1.9420000000000022
2.5,1.805771076253099,1.935
1.0,1.0276252253055205,1.0062499999999992
0.85,0.7048682671779662,0.8810000000000006
0.475,0.5031353487546056,0.47625000000000045
29.5,25.599008531601818,25.16
1.7,2.1584907793502137,1.7440000000000004
1.2,1.3319570882072271,1.2332500000000008
1.1,1.2111025082135267,1.0864999999999991
1.0,0.7404206566066539,0.9050000000000001
0.21,0.19575325928953446,0.18309999999999998
1.3,1.1444086299414595,1.28125
0.3,0.36549834230546585,0.2980000000000004
0.6,0.6717200804492502,0.48549999999999977
1.4,1.2286905149599652,1.3000000000000012
38.0,38.252980035167255,37.83
1.8,1.43624955830203,1.6489999999999987
1.0,0.9257837496051886,0.9137500000000002
5.5,4.586623901840679,4.604000000000003
0.25,-0.002824255610375609,0.25314999999999976
1.5,1.9165074427123496,1.506
0.625,0.763902202346405,0.6625
0.6,0.3580346949663722,0.5857499999999999
0.6,0.5781890520845723,0.6420000000000001
3.2,3.5771262860837933,3.1800000000000006
1.4,1.3247336108607861,1.4570000000000007
5.5,5.983466817342117,5.865999999999999
2.1,1.9531275461670528,2.1890000000000005
0.525,0.6881429274963937,0.531
0.375,0.36140584995217484,0.37325
0.75,0.7858064488774075,0.8139999999999997
0.75,0.7946282706510295,0.7527499999999998
0.625,0.6253093562041125,0.6062500000000002
1.3,1.1506502576167348,1.3300000000000014
2.4,2.071331042587401,2.2039999999999984
2.0,1.7095499471617353,2.0359999999999987
1.0,1.1023872875711405,0.9692499999999995
1.3,1.1214401158285352,1.3042499999999992
0.575,0.7736523483175777,0.6255000000000005
11.5,10.38216708716077,10.67
2.5,2.4051879892762127,2.557
1.6,1.4573378598808389,1.6029999999999973
1.2,1.1769466463791174,1.1350000000000002
6.5,6.798096014941951,6.225
2.8,3.2346026165592403,2.91
0.7,0.634214773937227,0.69
1.3,1.02926797610565,1.1409999999999991
1.0,1.2710852077521677,1.1769999999999998
0.625,0.5008750972056554,0.5767499999999999
2.3,1.7042840157320454,2.1860000000000013
4.7,4.7567389628901795,4.637999999999997
1.2,1.1993232836366543,1.1505000000000003
0.5,0.31737119638230704,0.5062499999999998
2.6,2.2872169036532877,2.6009999999999986
0.775,0.8738997499290679,0.8110000000000005
0.35,0.3952832767115787,0.38875
